,feature,importance
0,"Index(['RunFootage', 'LengthOffset', 'Z1', 'Z2', 'Z3', 'Z4', 'Z5', 'Z6', 'Z7',
       'Z8', 'Z9', 'Z10', 'Z11', 'Z12', 'Z13', 'Z14', 'Z15', 'Z16', 'Z17',
       'Z18', 'Z19', 'CST_TOP_Real', 'CST_Centre_Real', 'CST_Bottom_Real',
       'CS_Speed_Real', 'Nip_Speed_Real', 'Screw_Speed_Real',
       'Back_Pressure_Real', 'Melt_Temp_Real', 'Chiller_Temp_Real',
       'Motor_Amps_Real', 'TotalRunFootage', 'width', 'thickness',
       'amb_tensile_pre_cure', 'amb_elongation_pre_cure', 'month',
       'ten_day_mean', 'ten_day_max', 'ten_day_min', 'ten_day_swing',
       'Machine_1', 'Machine_2', 'Operator_0', 'Operator_1218',
       'Operator_1251', 'Operator_1324', 'Operator_1476', 'Operator_1546',
       'Operator_1580', 'Operator_1731', 'Operator_1766', 'Operator_1791',
       'Operator_1793', 'Operator_2136', 'Operator_2167', 'Operator_2178',
       'Operator_2198', 'Operator_2201', 'Operator_2218', 'Operator_2223',
       'Operator_2238', 'Operator_2262', 'Operator_2275', 'Operator_2469'],
      dtype='object')","[9.53796326e-03 2.11022122e-03 1.41233566e-02 1.22923238e-02
 1.22999359e-02 1.78307793e-02 1.87097393e-02 1.67117792e-02
 2.77227164e-02 1.30038086e-02 1.09146195e-02 1.96912258e-02
 1.69150113e-02 1.48957638e-02 2.16917221e-02 1.90913322e-02
 2.13293434e-02 1.28033190e-02 1.09676657e-02 1.09841239e-02
 1.91530849e-02 2.67826079e-02 3.55252851e-02 3.43821634e-02
 3.93539278e-02 3.83446357e-02 3.86570599e-02 2.21614525e-02
 2.10293443e-02 1.93061949e-02 2.69108738e-02 9.48644240e-03
 8.13557269e-03 3.25514257e-02 9.39350493e-02 7.75954160e-02
 1.93700756e-02 3.24195566e-02 2.06666561e-02 2.79867113e-02
 3.02446275e-02 1.17523674e-03 1.38796643e-03 1.73233841e-04
 8.37649432e-04 2.75172624e-03 3.13547476e-05 2.47212296e-03
 6.79610233e-04 8.40455362e-04 2.42856189e-04 2.08452100e-03
 2.09976209e-03 1.77161102e-04 9.91979630e-04 3.06747803e-04
 1.97562437e-03 5.21454385e-04 8.23882121e-05 1.58899079e-04
 2.70427188e-05 6.77392542e-04 9.81729496e-04 1.35345759e-03
 3.44713984e-04]"
