,feature,mutual_info_score
1,ten_day_mean,0.352194221683501
3,ten_day_min,0.28011173846086646
4,ten_day_swing,0.2613217217892989
2,ten_day_max,0.21890315856045972
0,month,0.05150568184522397
